job title,Company name,location name,time,links,posted
Senior Python Developer,Houya Arrow -,"Heliopolis, Cairo, Egypt ",Full Time,/jobs/p/zUUX37RxbzZo-Senior-Python-Developer-Houya-Arrow-Cairo-Egypt?o=1&l=sp&t=sj&a=python|search-v3|hpb,7 days ago
Python Developer,GetTechForce.com -,"Cairo, Egypt ",Full TimeWork From Home,/jobs/p/jivXxxqgHi77-Python-Developer-GetTechForce-com-Cairo-Egypt?o=2&l=sp&t=sj&a=python|search-v3|hpb,8 days ago
Senior Python Linux Engineer,El-Sewedy Electrometer -,"6th of October, Giza, Egypt ",Full Time,/jobs/p/b1U2MrcQRbIO-Senior-Python-Linux-Engineer-El-Sewedy-Electrometer-Giza-Egypt?o=3&l=sp&t=sj&a=python|search-v3|hpb,4 days ago
Python Developer For Job portal,Fekra Technology Solutions and Construction -,"Dokki, Giza, Egypt ",Full TimeWork From Home,/jobs/p/KUTCuOGVL8tR-Python-Developer-For-Job-portal-Fekra-Technology-Solutions-and-Construction-Giza-Egypt?o=4&l=sp&t=sj&a=python|search-v3|hpb,12 days ago
Python Developer,Paymob Solutions -,"Maadi, Cairo, Egypt ",Full Time,/jobs/p/98lwNx3qZxxA-Python-Developer-Paymob-Solutions-Cairo-Egypt?o=5&l=sp&t=sj&a=python|search-v3|hpb,19 days ago
Senior Software Engineer (Python),ITWORX -,"Nasr City, Cairo, Egypt ",Full Time,/jobs/p/JPMDUOX23tJq-Senior-Software-Engineer-Python-ITWORX-Cairo-Egypt?o=6&l=sp&t=sj&a=python|search-v3|hpb,18 days ago
Python Full Stack Instructor,AMIT -,"Maadi, Cairo, Egypt ",Full Time,/jobs/p/NaAN041JcadK-Python-Full-Stack-Instructor-AMIT-Cairo-Egypt?o=7&l=sp&t=sj&a=python|search-v3|hpb,20 days ago
Junior Python Developer,RDI -,"Dokki, Giza, Egypt ",Full Time,/jobs/p/QNYVMu7OFmo0-Junior-Python-Developer-RDI-Giza-Egypt?o=8&l=sp&t=sj&a=python|search-v3|hpb,22 days ago
Python API Developer Ocucon Team (UK) - (Alexandria),Procrew -,"Alexandria, Egypt ",Full Time,/jobs/p/F8yPmGvgWZ5k-Python-API-Developer-Ocucon-Team-UK---Alexandria-Procrew-Alexandria-Egypt?o=9&l=sp&t=sj&a=python|search-v3|hpb,27 days ago
Senior Python / Django Developer,RDI -,"Dokki, Giza, Egypt ",Full Time,/jobs/p/8GI7basJVztd-Senior-Python-Django-Developer-RDI-Giza-Egypt?o=10&l=sp&t=sj&a=python|search-v3|hpb,30 days ago
Python-Django Developer,Paymob Solutions -,"Maadi, Cairo, Egypt ",Full Time,/jobs/p/kwe5h80g8Wjf-Python-Django-Developer-Paymob-Solutions-Cairo-Egypt?o=11&l=sp&t=sj&a=python|search-v3|hpb,1 month ago
Senior Backend Developer - Node.js & Python,DIGIS2 -,"Maadi, Cairo, Egypt ",Full Time,/jobs/p/Vo0FB8GwaBp7-Senior-Backend-Developer---Nodejs-Python-DIGIS2-Cairo-Egypt?o=12&l=sp&t=sj&a=python|search-v3|hpb,1 month ago
Senior Python Backend Developer,CROCOSOFT -,"New Cairo, Cairo, Egypt ",Full TimeWork From Home,/jobs/p/xoIvuBsGtAnO-Senior-Python-Backend-Developer-CROCOSOFT-Cairo-Egypt?o=13&l=sp&t=sj&a=python|search-v3|hpb,1 month ago
Full Stack Python Developer,El Geel El Rakamy -,"Helwan, Cairo, Egypt ",Full TimePart Time,/jobs/p/WdeSIOMzyMtU-Full-Stack-Python-Developer-El-Geel-El-Rakamy-Cairo-Egypt?o=14&l=sp&t=sj&a=python|search-v3|hpb,1 month ago
Python Software Developer (Packet Core CDD),Sceel.io -,"Maadi, Cairo, Egypt ",Full Time,/jobs/p/4aTpdrP623pr-Python-Software-Developer-Packet-Core-CDD-Sceel-io-Cairo-Egypt?o=15&l=sp&t=sj&a=python|search-v3|hpb,2 months ago
